Temperature - (Celsius), Year, Month, Country, ISO3
1.94475, 1901, Jan, Greece, GRC
5.23412, 1901, Feb, Greece, GRC
10.096, 1901, Mar, Greece, GRC
12.235, 1901, Apr, Greece, GRC
15.62, 1901, May, Greece, GRC
20.0124, 1901, Jun, Greece, GRC
23.5254, 1901, Jul, Greece, GRC
22.6942, 1901, Aug, Greece, GRC
19.7661, 1901, Sep, Greece, GRC
15.4757, 1901, Oct, Greece, GRC
9.07695, 1901, Nov, Greece, GRC
8.44865, 1901, Dec, Greece, GRC
5.98864, 1902, Jan, Greece, GRC
8.27796, 1902, Feb, Greece, GRC
7.85769, 1902, Mar, Greece, GRC
11.9409, 1902, Apr, Greece, GRC
14.4276, 1902, May, Greece, GRC
19.5578, 1902, Jun, Greece, GRC
22.8307, 1902, Jul, Greece, GRC
23.5386, 1902, Aug, Greece, GRC
20.3543, 1902, Sep, Greece, GRC
15.9023, 1902, Oct, Greece, GRC
7.62781, 1902, Nov, Greece, GRC
3.54414, 1902, Dec, Greece, GRC
4.4908, 1903, Jan, Greece, GRC
6.36022, 1903, Feb, Greece, GRC
8.95589, 1903, Mar, Greece, GRC
10.7066, 1903, Apr, Greece, GRC
16.2079, 1903, May, Greece, GRC
18.8591, 1903, Jun, Greece, GRC
22.2223, 1903, Jul, Greece, GRC
22.8802, 1903, Aug, Greece, GRC
19.5888, 1903, Sep, Greece, GRC
15.316, 1903, Oct, Greece, GRC
10.2143, 1903, Nov, Greece, GRC
7.819, 1903, Dec, Greece, GRC
4.07315, 1904, Jan, Greece, GRC
8.35504, 1904, Feb, Greece, GRC
7.72757, 1904, Mar, Greece, GRC
11.9228, 1904, Apr, Greece, GRC
16.3646, 1904, May, Greece, GRC
20.5801, 1904, Jun, Greece, GRC
23.7527, 1904, Jul, Greece, GRC
23.0299, 1904, Aug, Greece, GRC
18.5239, 1904, Sep, Greece, GRC
15.1945, 1904, Oct, Greece, GRC
7.63543, 1904, Nov, Greece, GRC
5.3971, 1904, Dec, Greece, GRC
1.46743, 1905, Jan, Greece, GRC
3.37115, 1905, Feb, Greece, GRC
7.80922, 1905, Mar, Greece, GRC
11.4451, 1905, Apr, Greece, GRC
16.5295, 1905, May, Greece, GRC
19.8395, 1905, Jun, Greece, GRC
24.003, 1905, Jul, Greece, GRC
24.4416, 1905, Aug, Greece, GRC
21.3478, 1905, Sep, Greece, GRC
13.6006, 1905, Oct, Greece, GRC
12.5916, 1905, Nov, Greece, GRC
6.24366, 1905, Dec, Greece, GRC
4.44354, 1906, Jan, Greece, GRC
5.62363, 1906, Feb, Greece, GRC
9.33304, 1906, Mar, Greece, GRC
11.8243, 1906, Apr, Greece, GRC
15.4508, 1906, May, Greece, GRC
19.5963, 1906, Jun, Greece, GRC
23.2929, 1906, Jul, Greece, GRC
22.2127, 1906, Aug, Greece, GRC
18.8371, 1906, Sep, Greece, GRC
14.1944, 1906, Oct, Greece, GRC
11.2604, 1906, Nov, Greece, GRC
5.50645, 1906, Dec, Greece, GRC
2.29435, 1907, Jan, Greece, GRC
3.38811, 1907, Feb, Greece, GRC
4.3902, 1907, Mar, Greece, GRC
10.0497, 1907, Apr, Greece, GRC
18.2377, 1907, May, Greece, GRC
20.2717, 1907, Jun, Greece, GRC
22.7783, 1907, Jul, Greece, GRC
22.9493, 1907, Aug, Greece, GRC
19.0229, 1907, Sep, Greece, GRC
17.5502, 1907, Oct, Greece, GRC
9.51431, 1907, Nov, Greece, GRC
7.35688, 1907, Dec, Greece, GRC
3.81897, 1908, Jan, Greece, GRC
5.51827, 1908, Feb, Greece, GRC
7.61315, 1908, Mar, Greece, GRC
10.7228, 1908, Apr, Greece, GRC
18.8179, 1908, May, Greece, GRC
21.294, 1908, Jun, Greece, GRC
22.7869, 1908, Jul, Greece, GRC
22.8802, 1908, Aug, Greece, GRC
18.4503, 1908, Sep, Greece, GRC
13.5728, 1908, Oct, Greece, GRC
7.03792, 1908, Nov, Greece, GRC
4.70701, 1908, Dec, Greece, GRC
2.45072, 1909, Jan, Greece, GRC
2.14462, 1909, Feb, Greece, GRC
8.68879, 1909, Mar, Greece, GRC
12.1034, 1909, Apr, Greece, GRC
16.4442, 1909, May, Greece, GRC
20.3463, 1909, Jun, Greece, GRC
23.0323, 1909, Jul, Greece, GRC
23.4296, 1909, Aug, Greece, GRC
20.699, 1909, Sep, Greece, GRC
15.4674, 1909, Oct, Greece, GRC
9.82649, 1909, Nov, Greece, GRC
8.62265, 1909, Dec, Greece, GRC
5.27713, 1910, Jan, Greece, GRC
7.75599, 1910, Feb, Greece, GRC
7.15923, 1910, Mar, Greece, GRC
11.6572, 1910, Apr, Greece, GRC
15.3934, 1910, May, Greece, GRC
19.9108, 1910, Jun, Greece, GRC
22.2766, 1910, Jul, Greece, GRC
22.9859, 1910, Aug, Greece, GRC
18.6962, 1910, Sep, Greece, GRC
14.6904, 1910, Oct, Greece, GRC
9.925, 1910, Nov, Greece, GRC
8.13504, 1910, Dec, Greece, GRC
4.04547, 1911, Jan, Greece, GRC
2.63055, 1911, Feb, Greece, GRC
7.56295, 1911, Mar, Greece, GRC
10.9603, 1911, Apr, Greece, GRC
15.6247, 1911, May, Greece, GRC
20.1988, 1911, Jun, Greece, GRC
22.7774, 1911, Jul, Greece, GRC
23.6023, 1911, Aug, Greece, GRC
19.7338, 1911, Sep, Greece, GRC
15.4816, 1911, Oct, Greece, GRC
11.7292, 1911, Nov, Greece, GRC
6.74124, 1911, Dec, Greece, GRC
3.04076, 1912, Jan, Greece, GRC
7.75672, 1912, Feb, Greece, GRC
10.0997, 1912, Mar, Greece, GRC
10.4458, 1912, Apr, Greece, GRC
15.4165, 1912, May, Greece, GRC
20.7271, 1912, Jun, Greece, GRC
22.5739, 1912, Jul, Greece, GRC
22.2212, 1912, Aug, Greece, GRC
17.85, 1912, Sep, Greece, GRC
13.7842, 1912, Oct, Greece, GRC
9.32014, 1912, Nov, Greece, GRC
6.80853, 1912, Dec, Greece, GRC
4.45982, 1913, Jan, Greece, GRC
3.89866, 1913, Feb, Greece, GRC
9.34715, 1913, Mar, Greece, GRC
11.8611, 1913, Apr, Greece, GRC
15.1667, 1913, May, Greece, GRC
19.6133, 1913, Jun, Greece, GRC
21.3075, 1913, Jul, Greece, GRC
21.577, 1913, Aug, Greece, GRC
20.4187, 1913, Sep, Greece, GRC
15.3078, 1913, Oct, Greece, GRC
10.6377, 1913, Nov, Greece, GRC
5.92387, 1913, Dec, Greece, GRC
2.96698, 1914, Jan, Greece, GRC
5.5011, 1914, Feb, Greece, GRC
9.54327, 1914, Mar, Greece, GRC
12.1563, 1914, Apr, Greece, GRC
15.698, 1914, May, Greece, GRC
19.1471, 1914, Jun, Greece, GRC
22.4381, 1914, Jul, Greece, GRC
22.5772, 1914, Aug, Greece, GRC
18.2783, 1914, Sep, Greece, GRC
13.3496, 1914, Oct, Greece, GRC
8.57893, 1914, Nov, Greece, GRC
7.15911, 1914, Dec, Greece, GRC
7.30382, 1915, Jan, Greece, GRC
6.37263, 1915, Feb, Greece, GRC
8.32689, 1915, Mar, Greece, GRC
11.5228, 1915, Apr, Greece, GRC
15.8145, 1915, May, Greece, GRC
20.7999, 1915, Jun, Greece, GRC
23.2501, 1915, Jul, Greece, GRC
22.417, 1915, Aug, Greece, GRC
17.9648, 1915, Sep, Greece, GRC
14.9878, 1915, Oct, Greece, GRC
9.7411, 1915, Nov, Greece, GRC
8.9286, 1915, Dec, Greece, GRC
5.29466, 1916, Jan, Greece, GRC
6.27193, 1916, Feb, Greece, GRC
10.5079, 1916, Mar, Greece, GRC
12.019, 1916, Apr, Greece, GRC
16.7531, 1916, May, Greece, GRC
22.2526, 1916, Jun, Greece, GRC
24.1224, 1916, Jul, Greece, GRC
22.0959, 1916, Aug, Greece, GRC
18.5829, 1916, Sep, Greece, GRC
15.3794, 1916, Oct, Greece, GRC
11.6783, 1916, Nov, Greece, GRC
9.078, 1916, Dec, Greece, GRC
6.3039, 1917, Jan, Greece, GRC
3.93824, 1917, Feb, Greece, GRC
8.50066, 1917, Mar, Greece, GRC
11.6203, 1917, Apr, Greece, GRC
15.4053, 1917, May, Greece, GRC
20.5401, 1917, Jun, Greece, GRC
23.2574, 1917, Jul, Greece, GRC
24.4866, 1917, Aug, Greece, GRC
20.3568, 1917, Sep, Greece, GRC
15.9766, 1917, Oct, Greece, GRC
10.8762, 1917, Nov, Greece, GRC
3.93669, 1917, Dec, Greece, GRC
5.25822, 1918, Jan, Greece, GRC
4.5248, 1918, Feb, Greece, GRC
7.19645, 1918, Mar, Greece, GRC
11.7286, 1918, Apr, Greece, GRC
16.3471, 1918, May, Greece, GRC
19.3999, 1918, Jun, Greece, GRC
22.9558, 1918, Jul, Greece, GRC
22.6821, 1918, Aug, Greece, GRC
21.5566, 1918, Sep, Greece, GRC
16.5307, 1918, Oct, Greece, GRC
9.97133, 1918, Nov, Greece, GRC
6.57959, 1918, Dec, Greece, GRC
6.70673, 1919, Jan, Greece, GRC
6.40094, 1919, Feb, Greece, GRC
9.53189, 1919, Mar, Greece, GRC
12.5323, 1919, Apr, Greece, GRC
13.4447, 1919, May, Greece, GRC
19.5704, 1919, Jun, Greece, GRC
22.3511, 1919, Jul, Greece, GRC
22.1293, 1919, Aug, Greece, GRC
20.2476, 1919, Sep, Greece, GRC
15.4042, 1919, Oct, Greece, GRC
10.7599, 1919, Nov, Greece, GRC
5.97711, 1919, Dec, Greece, GRC
5.96851, 1920, Jan, Greece, GRC
3.88076, 1920, Feb, Greece, GRC
8.9304, 1920, Mar, Greece, GRC
13.3849, 1920, Apr, Greece, GRC
17.0101, 1920, May, Greece, GRC
20.1561, 1920, Jun, Greece, GRC
23.7215, 1920, Jul, Greece, GRC
23.3019, 1920, Aug, Greece, GRC
19.5012, 1920, Sep, Greece, GRC
12.8318, 1920, Oct, Greece, GRC
7.01106, 1920, Nov, Greece, GRC
5.94992, 1920, Dec, Greece, GRC
6.67443, 1921, Jan, Greece, GRC
4.20513, 1921, Feb, Greece, GRC
7.75689, 1921, Mar, Greece, GRC
10.9626, 1921, Apr, Greece, GRC
17.38, 1921, May, Greece, GRC
18.5569, 1921, Jun, Greece, GRC
23.6784, 1921, Jul, Greece, GRC
24.1603, 1921, Aug, Greece, GRC
18.7191, 1921, Sep, Greece, GRC
14.1024, 1921, Oct, Greece, GRC
8.97824, 1921, Nov, Greece, GRC
5.45758, 1921, Dec, Greece, GRC
4.18493, 1922, Jan, Greece, GRC
4.80908, 1922, Feb, Greece, GRC
10.733, 1922, Mar, Greece, GRC
12.5473, 1922, Apr, Greece, GRC
16.4553, 1922, May, Greece, GRC
21.172, 1922, Jun, Greece, GRC
23.9469, 1922, Jul, Greece, GRC
24.0998, 1922, Aug, Greece, GRC
20.0435, 1922, Sep, Greece, GRC
15.6278, 1922, Oct, Greece, GRC
8.08417, 1922, Nov, Greece, GRC
4.99897, 1922, Dec, Greece, GRC
4.80111, 1923, Jan, Greece, GRC
6.37998, 1923, Feb, Greece, GRC
8.74748, 1923, Mar, Greece, GRC
11.6376, 1923, Apr, Greece, GRC
17.6893, 1923, May, Greece, GRC
19.22, 1923, Jun, Greece, GRC
23.0982, 1923, Jul, Greece, GRC
23.0868, 1923, Aug, Greece, GRC
20.7581, 1923, Sep, Greece, GRC
16.7129, 1923, Oct, Greece, GRC
13.8047, 1923, Nov, Greece, GRC
7.39828, 1923, Dec, Greece, GRC
1.88535, 1924, Jan, Greece, GRC
5.36947, 1924, Feb, Greece, GRC
7.756, 1924, Mar, Greece, GRC
13.0684, 1924, Apr, Greece, GRC
17.8849, 1924, May, Greece, GRC
21.4604, 1924, Jun, Greece, GRC
23.5234, 1924, Jul, Greece, GRC
22.8209, 1924, Aug, Greece, GRC
21.9628, 1924, Sep, Greece, GRC
14.4749, 1924, Oct, Greece, GRC
8.71196, 1924, Nov, Greece, GRC
5.43049, 1924, Dec, Greece, GRC
4.26979, 1925, Jan, Greece, GRC
8.39744, 1925, Feb, Greece, GRC
8.37587, 1925, Mar, Greece, GRC
11.8449, 1925, Apr, Greece, GRC
16.1508, 1925, May, Greece, GRC
19.0585, 1925, Jun, Greece, GRC
23.045, 1925, Jul, Greece, GRC
23.244, 1925, Aug, Greece, GRC
20.2233, 1925, Sep, Greece, GRC
15.4101, 1925, Oct, Greece, GRC
12.3195, 1925, Nov, Greece, GRC
5.85742, 1925, Dec, Greece, GRC
5.93612, 1926, Jan, Greece, GRC
7.91443, 1926, Feb, Greece, GRC
8.13206, 1926, Mar, Greece, GRC
13.2621, 1926, Apr, Greece, GRC
16.4119, 1926, May, Greece, GRC
20.4727, 1926, Jun, Greece, GRC
22.4156, 1926, Jul, Greece, GRC
21.4073, 1926, Aug, Greece, GRC
20.1621, 1926, Sep, Greece, GRC
16.6074, 1926, Oct, Greece, GRC
14.47, 1926, Nov, Greece, GRC
6.85489, 1926, Dec, Greece, GRC
6.26135, 1927, Jan, Greece, GRC
3.93735, 1927, Feb, Greece, GRC
10.8059, 1927, Mar, Greece, GRC
12.5986, 1927, Apr, Greece, GRC
16.9809, 1927, May, Greece, GRC
22.3996, 1927, Jun, Greece, GRC
24.5574, 1927, Jul, Greece, GRC
24.6108, 1927, Aug, Greece, GRC
21.7797, 1927, Sep, Greece, GRC
15.7644, 1927, Oct, Greece, GRC
12.2825, 1927, Nov, Greece, GRC
6.00375, 1927, Dec, Greece, GRC
5.24376, 1928, Jan, Greece, GRC
4.02134, 1928, Feb, Greece, GRC
6.30667, 1928, Mar, Greece, GRC
13.3979, 1928, Apr, Greece, GRC
15.6248, 1928, May, Greece, GRC
20.7985, 1928, Jun, Greece, GRC
24.9048, 1928, Jul, Greece, GRC
24.7205, 1928, Aug, Greece, GRC
21.353, 1928, Sep, Greece, GRC
15.3049, 1928, Oct, Greece, GRC
12.2173, 1928, Nov, Greece, GRC
5.27686, 1928, Dec, Greece, GRC
3.01452, 1929, Jan, Greece, GRC
1.60833, 1929, Feb, Greece, GRC
5.18681, 1929, Mar, Greece, GRC
10.5826, 1929, Apr, Greece, GRC
18.3102, 1929, May, Greece, GRC
20.9431, 1929, Jun, Greece, GRC
23.3096, 1929, Jul, Greece, GRC
24.8632, 1929, Aug, Greece, GRC
18.3445, 1929, Sep, Greece, GRC
15.2213, 1929, Oct, Greece, GRC
11.8859, 1929, Nov, Greece, GRC
7.05719, 1929, Dec, Greece, GRC
5.73227, 1930, Jan, Greece, GRC
5.41957, 1930, Feb, Greece, GRC
9.83447, 1930, Mar, Greece, GRC
12.8785, 1930, Apr, Greece, GRC
15.712, 1930, May, Greece, GRC
20.4015, 1930, Jun, Greece, GRC
23.7345, 1930, Jul, Greece, GRC
23.4379, 1930, Aug, Greece, GRC
20.5561, 1930, Sep, Greece, GRC
15.043, 1930, Oct, Greece, GRC
11.0439, 1930, Nov, Greece, GRC
7.50498, 1930, Dec, Greece, GRC
6.27822, 1931, Jan, Greece, GRC
6.05955, 1931, Feb, Greece, GRC
8.50939, 1931, Mar, Greece, GRC
10.5283, 1931, Apr, Greece, GRC
16.7897, 1931, May, Greece, GRC
21.7767, 1931, Jun, Greece, GRC
24.7354, 1931, Jul, Greece, GRC
24.3107, 1931, Aug, Greece, GRC
19.2047, 1931, Sep, Greece, GRC
14.8932, 1931, Oct, Greece, GRC
9.05737, 1931, Nov, Greece, GRC
4.40381, 1931, Dec, Greece, GRC
3.60901, 1932, Jan, Greece, GRC
1.93559, 1932, Feb, Greece, GRC
6.44498, 1932, Mar, Greece, GRC
11.9246, 1932, Apr, Greece, GRC
16.5357, 1932, May, Greece, GRC
20.3091, 1932, Jun, Greece, GRC
23.9399, 1932, Jul, Greece, GRC
23.5377, 1932, Aug, Greece, GRC
21.8728, 1932, Sep, Greece, GRC
17.7928, 1932, Oct, Greece, GRC
10.0248, 1932, Nov, Greece, GRC
7.1357, 1932, Dec, Greece, GRC
3.46965, 1933, Jan, Greece, GRC
5.94861, 1933, Feb, Greece, GRC
6.83643, 1933, Mar, Greece, GRC
10.015, 1933, Apr, Greece, GRC
14.5669, 1933, May, Greece, GRC
18.3116, 1933, Jun, Greece, GRC
21.8507, 1933, Jul, Greece, GRC
22.4873, 1933, Aug, Greece, GRC
17.8214, 1933, Sep, Greece, GRC
15.2364, 1933, Oct, Greece, GRC
12.6532, 1933, Nov, Greece, GRC
4.25056, 1933, Dec, Greece, GRC
4.51111, 1934, Jan, Greece, GRC
3.63627, 1934, Feb, Greece, GRC
10.1895, 1934, Mar, Greece, GRC
13.7921, 1934, Apr, Greece, GRC
17.6241, 1934, May, Greece, GRC
20.7718, 1934, Jun, Greece, GRC
23.5774, 1934, Jul, Greece, GRC
23.6068, 1934, Aug, Greece, GRC
20.0638, 1934, Sep, Greece, GRC
15.4626, 1934, Oct, Greece, GRC
12.0235, 1934, Nov, Greece, GRC
7.44451, 1934, Dec, Greece, GRC
3.70718, 1935, Jan, Greece, GRC
5.76583, 1935, Feb, Greece, GRC
6.75518, 1935, Mar, Greece, GRC
12.1141, 1935, Apr, Greece, GRC
16.51, 1935, May, Greece, GRC
21.6956, 1935, Jun, Greece, GRC
23.0153, 1935, Jul, Greece, GRC
23.3827, 1935, Aug, Greece, GRC
19.96, 1935, Sep, Greece, GRC
17.1218, 1935, Oct, Greece, GRC
9.92047, 1935, Nov, Greece, GRC
8.18196, 1935, Dec, Greece, GRC
8.79472, 1936, Jan, Greece, GRC
7.00941, 1936, Feb, Greece, GRC
10.0921, 1936, Mar, Greece, GRC
13.2572, 1936, Apr, Greece, GRC
15.4831, 1936, May, Greece, GRC
19.3748, 1936, Jun, Greece, GRC
24.1709, 1936, Jul, Greece, GRC
23.1228, 1936, Aug, Greece, GRC
18.9533, 1936, Sep, Greece, GRC
14.7334, 1936, Oct, Greece, GRC
10.115, 1936, Nov, Greece, GRC
4.76602, 1936, Dec, Greece, GRC
3.36164, 1937, Jan, Greece, GRC
7.31475, 1937, Feb, Greece, GRC
11.0479, 1937, Mar, Greece, GRC
12.1156, 1937, Apr, Greece, GRC
16.9949, 1937, May, Greece, GRC
21.3731, 1937, Jun, Greece, GRC
24.1701, 1937, Jul, Greece, GRC
23.4268, 1937, Aug, Greece, GRC
21.2764, 1937, Sep, Greece, GRC
15.3635, 1937, Oct, Greece, GRC
11.3158, 1937, Nov, Greece, GRC
7.45203, 1937, Dec, Greece, GRC
4.4821, 1938, Jan, Greece, GRC
4.91748, 1938, Feb, Greece, GRC
8.0056, 1938, Mar, Greece, GRC
10.4944, 1938, Apr, Greece, GRC
16.0015, 1938, May, Greece, GRC
21.491, 1938, Jun, Greece, GRC
24.6979, 1938, Jul, Greece, GRC
24.3387, 1938, Aug, Greece, GRC
19.4196, 1938, Sep, Greece, GRC
15.992, 1938, Oct, Greece, GRC
10.5557, 1938, Nov, Greece, GRC
6.67583, 1938, Dec, Greece, GRC
7.18265, 1939, Jan, Greece, GRC
6.05402, 1939, Feb, Greece, GRC
6.93382, 1939, Mar, Greece, GRC
12.8041, 1939, Apr, Greece, GRC
16.2143, 1939, May, Greece, GRC
19.5071, 1939, Jun, Greece, GRC
24.4546, 1939, Jul, Greece, GRC
23.27, 1939, Aug, Greece, GRC
19.8657, 1939, Sep, Greece, GRC
16.6758, 1939, Oct, Greece, GRC
10.1042, 1939, Nov, Greece, GRC
6.72337, 1939, Dec, Greece, GRC
2.3147, 1940, Jan, Greece, GRC
5.65907, 1940, Feb, Greece, GRC
7.21841, 1940, Mar, Greece, GRC
11.3043, 1940, Apr, Greece, GRC
14.8353, 1940, May, Greece, GRC
19.3529, 1940, Jun, Greece, GRC
23.3614, 1940, Jul, Greece, GRC
21.5051, 1940, Aug, Greece, GRC
19.4017, 1940, Sep, Greece, GRC
16.0745, 1940, Oct, Greece, GRC
11.9728, 1940, Nov, Greece, GRC
3.90725, 1940, Dec, Greece, GRC
5.96258, 1941, Jan, Greece, GRC
8.52171, 1941, Feb, Greece, GRC
8.80294, 1941, Mar, Greece, GRC
12.9774, 1941, Apr, Greece, GRC
16.172, 1941, May, Greece, GRC
20.2593, 1941, Jun, Greece, GRC
23.3331, 1941, Jul, Greece, GRC
23.22, 1941, Aug, Greece, GRC
17.1018, 1941, Sep, Greece, GRC
13.7537, 1941, Oct, Greece, GRC
8.12351, 1941, Nov, Greece, GRC
3.78498, 1941, Dec, Greece, GRC
1.11067, 1942, Jan, Greece, GRC
5.06038, 1942, Feb, Greece, GRC
6.92603, 1942, Mar, Greece, GRC
11.4996, 1942, Apr, Greece, GRC
17.5634, 1942, May, Greece, GRC
21.8542, 1942, Jun, Greece, GRC
23.0471, 1942, Jul, Greece, GRC
22.9957, 1942, Aug, Greece, GRC
21.11, 1942, Sep, Greece, GRC
15.293, 1942, Oct, Greece, GRC
9.24244, 1942, Nov, Greece, GRC
5.85487, 1942, Dec, Greece, GRC
2.66437, 1943, Jan, Greece, GRC
5.48101, 1943, Feb, Greece, GRC
6.38974, 1943, Mar, Greece, GRC
11.7152, 1943, Apr, Greece, GRC
15.5144, 1943, May, Greece, GRC
19.7036, 1943, Jun, Greece, GRC
23.1899, 1943, Jul, Greece, GRC
24.3507, 1943, Aug, Greece, GRC
21.2595, 1943, Sep, Greece, GRC
16.4913, 1943, Oct, Greece, GRC
12.5167, 1943, Nov, Greece, GRC
7.26723, 1943, Dec, Greece, GRC
3.99451, 1944, Jan, Greece, GRC
5.5988, 1944, Feb, Greece, GRC
7.16154, 1944, Mar, Greece, GRC
12.3193, 1944, Apr, Greece, GRC
15.5024, 1944, May, Greece, GRC
21.3004, 1944, Jun, Greece, GRC
22.9657, 1944, Jul, Greece, GRC
22.4546, 1944, Aug, Greece, GRC
20.1349, 1944, Sep, Greece, GRC
16.0315, 1944, Oct, Greece, GRC
10.5557, 1944, Nov, Greece, GRC
5.69159, 1944, Dec, Greece, GRC
3.44848, 1945, Jan, Greece, GRC
4.3999, 1945, Feb, Greece, GRC
7.36163, 1945, Mar, Greece, GRC
11.7999, 1945, Apr, Greece, GRC
19.3151, 1945, May, Greece, GRC
21.4779, 1945, Jun, Greece, GRC
24.2964, 1945, Jul, Greece, GRC
24.8773, 1945, Aug, Greece, GRC
20.2858, 1945, Sep, Greece, GRC
13.8608, 1945, Oct, Greece, GRC
10.1468, 1945, Nov, Greece, GRC
6.15126, 1945, Dec, Greece, GRC
3.98114, 1946, Jan, Greece, GRC
5.54998, 1946, Feb, Greece, GRC
8.11117, 1946, Mar, Greece, GRC
12.5449, 1946, Apr, Greece, GRC
17.2501, 1946, May, Greece, GRC
22.0941, 1946, Jun, Greece, GRC
24.7444, 1946, Jul, Greece, GRC
25.5027, 1946, Aug, Greece, GRC
22.3966, 1946, Sep, Greece, GRC
13.741, 1946, Oct, Greece, GRC
12.1206, 1946, Nov, Greece, GRC
5.32421, 1946, Dec, Greece, GRC
1.46162, 1947, Jan, Greece, GRC
6.98891, 1947, Feb, Greece, GRC
11.8038, 1947, Mar, Greece, GRC
13.9973, 1947, Apr, Greece, GRC
17.2494, 1947, May, Greece, GRC
21.5045, 1947, Jun, Greece, GRC
24.1587, 1947, Jul, Greece, GRC
23.5536, 1947, Aug, Greece, GRC
20.3463, 1947, Sep, Greece, GRC
13.8429, 1947, Oct, Greece, GRC
11.0237, 1947, Nov, Greece, GRC
7.90254, 1947, Dec, Greece, GRC
8.44963, 1948, Jan, Greece, GRC
4.75918, 1948, Feb, Greece, GRC
6.85764, 1948, Mar, Greece, GRC
11.8849, 1948, Apr, Greece, GRC
16.8344, 1948, May, Greece, GRC
19.3685, 1948, Jun, Greece, GRC
22.3884, 1948, Jul, Greece, GRC
23.7216, 1948, Aug, Greece, GRC
19.5768, 1948, Sep, Greece, GRC
15.7264, 1948, Oct, Greece, GRC
9.02278, 1948, Nov, Greece, GRC
2.39707, 1948, Dec, Greece, GRC
4.85055, 1949, Jan, Greece, GRC
4.32369, 1949, Feb, Greece, GRC
5.70409, 1949, Mar, Greece, GRC
10.9733, 1949, Apr, Greece, GRC
17.3701, 1949, May, Greece, GRC
19.633, 1949, Jun, Greece, GRC
22.2286, 1949, Jul, Greece, GRC
21.5388, 1949, Aug, Greece, GRC
18.706, 1949, Sep, Greece, GRC
14.596, 1949, Oct, Greece, GRC
11.8763, 1949, Nov, Greece, GRC
7.57659, 1949, Dec, Greece, GRC
2.40405, 1950, Jan, Greece, GRC
6.26216, 1950, Feb, Greece, GRC
8.39752, 1950, Mar, Greece, GRC
13.9163, 1950, Apr, Greece, GRC
17.0772, 1950, May, Greece, GRC
21.6212, 1950, Jun, Greece, GRC
25.0643, 1950, Jul, Greece, GRC
23.8833, 1950, Aug, Greece, GRC
21.2902, 1950, Sep, Greece, GRC
14.6117, 1950, Oct, Greece, GRC
10.5238, 1950, Nov, Greece, GRC
9.0567, 1950, Dec, Greece, GRC
6.41186, 1951, Jan, Greece, GRC
7.77793, 1951, Feb, Greece, GRC
9.69856, 1951, Mar, Greece, GRC
12.9504, 1951, Apr, Greece, GRC
17.2606, 1951, May, Greece, GRC
21.3134, 1951, Jun, Greece, GRC
23.6077, 1951, Jul, Greece, GRC
24.1354, 1951, Aug, Greece, GRC
20.5896, 1951, Sep, Greece, GRC
12.9958, 1951, Oct, Greece, GRC
11.2034, 1951, Nov, Greece, GRC
5.68327, 1951, Dec, Greece, GRC
6.00828, 1952, Jan, Greece, GRC
5.58834, 1952, Feb, Greece, GRC
7.62051, 1952, Mar, Greece, GRC
13.8018, 1952, Apr, Greece, GRC
16.3303, 1952, May, Greece, GRC
21.1911, 1952, Jun, Greece, GRC
23.8485, 1952, Jul, Greece, GRC
25.7752, 1952, Aug, Greece, GRC
22.2884, 1952, Sep, Greece, GRC
15.4353, 1952, Oct, Greece, GRC
11.1236, 1952, Nov, Greece, GRC
8.58017, 1952, Dec, Greece, GRC
5.14148, 1953, Jan, Greece, GRC
6.25667, 1953, Feb, Greece, GRC
5.84276, 1953, Mar, Greece, GRC
12.4596, 1953, Apr, Greece, GRC
15.5944, 1953, May, Greece, GRC
20.6985, 1953, Jun, Greece, GRC
24.3829, 1953, Jul, Greece, GRC
23.2402, 1953, Aug, Greece, GRC
19.9396, 1953, Sep, Greece, GRC
14.9119, 1953, Oct, Greece, GRC
7.76121, 1953, Nov, Greece, GRC
3.86051, 1953, Dec, Greece, GRC
2.7213, 1954, Jan, Greece, GRC
3.37386, 1954, Feb, Greece, GRC
8.57501, 1954, Mar, Greece, GRC
10.5094, 1954, Apr, Greece, GRC
15.2909, 1954, May, Greece, GRC
22.3151, 1954, Jun, Greece, GRC
24.0757, 1954, Jul, Greece, GRC
23.6457, 1954, Aug, Greece, GRC
21.0339, 1954, Sep, Greece, GRC
15.0768, 1954, Oct, Greece, GRC
10.2752, 1954, Nov, Greece, GRC
6.70961, 1954, Dec, Greece, GRC
7.49422, 1955, Jan, Greece, GRC
9.5648, 1955, Feb, Greece, GRC
8.58761, 1955, Mar, Greece, GRC
10.1549, 1955, Apr, Greece, GRC
17.4517, 1955, May, Greece, GRC
20.955, 1955, Jun, Greece, GRC
23.385, 1955, Jul, Greece, GRC
21.9471, 1955, Aug, Greece, GRC
19.3889, 1955, Sep, Greece, GRC
15.9119, 1955, Oct, Greece, GRC
10.1189, 1955, Nov, Greece, GRC
7.24108, 1955, Dec, Greece, GRC
5.7814, 1956, Jan, Greece, GRC
3.65869, 1956, Feb, Greece, GRC
5.07432, 1956, Mar, Greece, GRC
12.0724, 1956, Apr, Greece, GRC
16.0194, 1956, May, Greece, GRC
20.013, 1956, Jun, Greece, GRC
23.6671, 1956, Jul, Greece, GRC
24.6611, 1956, Aug, Greece, GRC
20.1937, 1956, Sep, Greece, GRC
14.3481, 1956, Oct, Greece, GRC
10.2447, 1956, Nov, Greece, GRC
5.1021, 1956, Dec, Greece, GRC
4.08512, 1957, Jan, Greece, GRC
7.42779, 1957, Feb, Greece, GRC
7.88131, 1957, Mar, Greece, GRC
11.9735, 1957, Apr, Greece, GRC
15.1189, 1957, May, Greece, GRC
21.8754, 1957, Jun, Greece, GRC
23.3369, 1957, Jul, Greece, GRC
23.9519, 1957, Aug, Greece, GRC
19.7508, 1957, Sep, Greece, GRC
15.9496, 1957, Oct, Greece, GRC
10.7484, 1957, Nov, Greece, GRC
5.69036, 1957, Dec, Greece, GRC
5.09738, 1958, Jan, Greece, GRC
8.02073, 1958, Feb, Greece, GRC
7.7383, 1958, Mar, Greece, GRC
11.1925, 1958, Apr, Greece, GRC
18.1466, 1958, May, Greece, GRC
20.6577, 1958, Jun, Greece, GRC
23.7712, 1958, Jul, Greece, GRC
24.3544, 1958, Aug, Greece, GRC
18.6673, 1958, Sep, Greece, GRC
14.6819, 1958, Oct, Greece, GRC
11.0588, 1958, Nov, Greece, GRC
8.19512, 1958, Dec, Greece, GRC
4.64242, 1959, Jan, Greece, GRC
3.75468, 1959, Feb, Greece, GRC
9.22302, 1959, Mar, Greece, GRC
12.0469, 1959, Apr, Greece, GRC
16.4331, 1959, May, Greece, GRC
19.6257, 1959, Jun, Greece, GRC
23.0896, 1959, Jul, Greece, GRC
22.9412, 1959, Aug, Greece, GRC
18.0631, 1959, Sep, Greece, GRC
12.4466, 1959, Oct, Greece, GRC
9.99407, 1959, Nov, Greece, GRC
8.40574, 1959, Dec, Greece, GRC
5.87421, 1960, Jan, Greece, GRC
6.91629, 1960, Feb, Greece, GRC
8.07016, 1960, Mar, Greece, GRC
11.8099, 1960, Apr, Greece, GRC
16.6847, 1960, May, Greece, GRC
20.4519, 1960, Jun, Greece, GRC
22.6132, 1960, Jul, Greece, GRC
23.5516, 1960, Aug, Greece, GRC
18.9478, 1960, Sep, Greece, GRC
16.8525, 1960, Oct, Greece, GRC
12.5387, 1960, Nov, Greece, GRC
9.27366, 1960, Dec, Greece, GRC
5.12975, 1961, Jan, Greece, GRC
5.05917, 1961, Feb, Greece, GRC
9.24046, 1961, Mar, Greece, GRC
14.0037, 1961, Apr, Greece, GRC
16.6052, 1961, May, Greece, GRC
20.8899, 1961, Jun, Greece, GRC
23.252, 1961, Jul, Greece, GRC
23.5321, 1961, Aug, Greece, GRC
19.515, 1961, Sep, Greece, GRC
14.9491, 1961, Oct, Greece, GRC
12.4046, 1961, Nov, Greece, GRC
6.86053, 1961, Dec, Greece, GRC
6.2647, 1962, Jan, Greece, GRC
4.79836, 1962, Feb, Greece, GRC
8.69982, 1962, Mar, Greece, GRC
12.3992, 1962, Apr, Greece, GRC
17.3846, 1962, May, Greece, GRC
20.6122, 1962, Jun, Greece, GRC
23.5349, 1962, Jul, Greece, GRC
24.9848, 1962, Aug, Greece, GRC
20.6246, 1962, Sep, Greece, GRC
15.4268, 1962, Oct, Greece, GRC
12.7765, 1962, Nov, Greece, GRC
5.59981, 1962, Dec, Greece, GRC
4.27215, 1963, Jan, Greece, GRC
6.65262, 1963, Feb, Greece, GRC
7.16424, 1963, Mar, Greece, GRC
11.9622, 1963, Apr, Greece, GRC
16.158, 1963, May, Greece, GRC
21.1929, 1963, Jun, Greece, GRC
24.5022, 1963, Jul, Greece, GRC
24.6085, 1963, Aug, Greece, GRC
20.992, 1963, Sep, Greece, GRC
14.9581, 1963, Oct, Greece, GRC
12.0442, 1963, Nov, Greece, GRC
7.56857, 1963, Dec, Greece, GRC
2.69672, 1964, Jan, Greece, GRC
5.01791, 1964, Feb, Greece, GRC
8.56038, 1964, Mar, Greece, GRC
12.0861, 1964, Apr, Greece, GRC
15.8077, 1964, May, Greece, GRC
21.4042, 1964, Jun, Greece, GRC
22.9798, 1964, Jul, Greece, GRC
22.5377, 1964, Aug, Greece, GRC
18.7847, 1964, Sep, Greece, GRC
15.7267, 1964, Oct, Greece, GRC
11.0993, 1964, Nov, Greece, GRC
7.29936, 1964, Dec, Greece, GRC
5.445, 1965, Jan, Greece, GRC
3.28592, 1965, Feb, Greece, GRC
8.31222, 1965, Mar, Greece, GRC
10.9271, 1965, Apr, Greece, GRC
15.5981, 1965, May, Greece, GRC
21.2567, 1965, Jun, Greece, GRC
23.7694, 1965, Jul, Greece, GRC
21.8384, 1965, Aug, Greece, GRC
20.2475, 1965, Sep, Greece, GRC
13.9717, 1965, Oct, Greece, GRC
11.2001, 1965, Nov, Greece, GRC
7.75077, 1965, Dec, Greece, GRC
4.81636, 1966, Jan, Greece, GRC
8.92497, 1966, Feb, Greece, GRC
8.19221, 1966, Mar, Greece, GRC
13.1848, 1966, Apr, Greece, GRC
16.0683, 1966, May, Greece, GRC
20.4349, 1966, Jun, Greece, GRC
23.5142, 1966, Jul, Greece, GRC
24.2958, 1966, Aug, Greece, GRC
19.804, 1966, Sep, Greece, GRC
17.8426, 1966, Oct, Greece, GRC
11.7159, 1966, Nov, Greece, GRC
6.63657, 1966, Dec, Greece, GRC
3.82071, 1967, Jan, Greece, GRC
4.47213, 1967, Feb, Greece, GRC
8.31385, 1967, Mar, Greece, GRC
11.6423, 1967, Apr, Greece, GRC
16.9249, 1967, May, Greece, GRC
19.6117, 1967, Jun, Greece, GRC
23.3925, 1967, Jul, Greece, GRC
24.2949, 1967, Aug, Greece, GRC
20.0144, 1967, Sep, Greece, GRC
15.8227, 1967, Oct, Greece, GRC
10.5916, 1967, Nov, Greece, GRC
6.7885, 1967, Dec, Greece, GRC
3.46882, 1968, Jan, Greece, GRC
6.96813, 1968, Feb, Greece, GRC
7.96109, 1968, Mar, Greece, GRC
13.9013, 1968, Apr, Greece, GRC
19.3673, 1968, May, Greece, GRC
20.6992, 1968, Jun, Greece, GRC
23.6052, 1968, Jul, Greece, GRC
21.714, 1968, Aug, Greece, GRC
19.3205, 1968, Sep, Greece, GRC
14.1454, 1968, Oct, Greece, GRC
11.0028, 1968, Nov, Greece, GRC
6.28587, 1968, Dec, Greece, GRC
3.64384, 1969, Jan, Greece, GRC
7.01851, 1969, Feb, Greece, GRC
7.80689, 1969, Mar, Greece, GRC
10.9096, 1969, Apr, Greece, GRC
18.4387, 1969, May, Greece, GRC
20.4855, 1969, Jun, Greece, GRC
21.7941, 1969, Jul, Greece, GRC
22.8095, 1969, Aug, Greece, GRC
20.6033, 1969, Sep, Greece, GRC
14.5568, 1969, Oct, Greece, GRC
11.5936, 1969, Nov, Greece, GRC
6.9875, 1969, Dec, Greece, GRC
6.83047, 1970, Jan, Greece, GRC
7.07618, 1970, Feb, Greece, GRC
8.93337, 1970, Mar, Greece, GRC
13.0991, 1970, Apr, Greece, GRC
15.1785, 1970, May, Greece, GRC
20.7719, 1970, Jun, Greece, GRC
23.0746, 1970, Jul, Greece, GRC
23.4848, 1970, Aug, Greece, GRC
19.7444, 1970, Sep, Greece, GRC
13.8876, 1970, Oct, Greece, GRC
10.3532, 1970, Nov, Greece, GRC
6.44032, 1970, Dec, Greece, GRC
7.1566, 1971, Jan, Greece, GRC
5.58095, 1971, Feb, Greece, GRC
7.17888, 1971, Mar, Greece, GRC
11.8235, 1971, Apr, Greece, GRC
17.7007, 1971, May, Greece, GRC
20.8328, 1971, Jun, Greece, GRC
21.9799, 1971, Jul, Greece, GRC
23.8, 1971, Aug, Greece, GRC
18.3653, 1971, Sep, Greece, GRC
12.9319, 1971, Oct, Greece, GRC
9.80035, 1971, Nov, Greece, GRC
5.81272, 1971, Dec, Greece, GRC
5.63556, 1972, Jan, Greece, GRC
6.13876, 1972, Feb, Greece, GRC
8.71542, 1972, Mar, Greece, GRC
13.1343, 1972, Apr, Greece, GRC
16.6547, 1972, May, Greece, GRC
21.4903, 1972, Jun, Greece, GRC
22.5162, 1972, Jul, Greece, GRC
22.4524, 1972, Aug, Greece, GRC
18.8505, 1972, Sep, Greece, GRC
12.3374, 1972, Oct, Greece, GRC
9.6866, 1972, Nov, Greece, GRC
5.171, 1972, Dec, Greece, GRC
4.55863, 1973, Jan, Greece, GRC
6.39342, 1973, Feb, Greece, GRC
6.72842, 1973, Mar, Greece, GRC
10.9597, 1973, Apr, Greece, GRC
17.2219, 1973, May, Greece, GRC
20.3304, 1973, Jun, Greece, GRC
23.3424, 1973, Jul, Greece, GRC
22.2641, 1973, Aug, Greece, GRC
20.3836, 1973, Sep, Greece, GRC
15.2013, 1973, Oct, Greece, GRC
8.76916, 1973, Nov, Greece, GRC
6.96324, 1973, Dec, Greece, GRC
4.14215, 1974, Jan, Greece, GRC
6.91579, 1974, Feb, Greece, GRC
8.53105, 1974, Mar, Greece, GRC
10.6913, 1974, Apr, Greece, GRC
15.3272, 1974, May, Greece, GRC
20.1462, 1974, Jun, Greece, GRC
22.7061, 1974, Jul, Greece, GRC
23.1499, 1974, Aug, Greece, GRC
19.7174, 1974, Sep, Greece, GRC
15.4696, 1974, Oct, Greece, GRC
9.38948, 1974, Nov, Greece, GRC
5.37321, 1974, Dec, Greece, GRC
4.10378, 1975, Jan, Greece, GRC
4.4189, 1975, Feb, Greece, GRC
9.44937, 1975, Mar, Greece, GRC
12.4721, 1975, Apr, Greece, GRC
16.7403, 1975, May, Greece, GRC
19.9297, 1975, Jun, Greece, GRC
22.9217, 1975, Jul, Greece, GRC
21.9814, 1975, Aug, Greece, GRC
21.0416, 1975, Sep, Greece, GRC
14.6952, 1975, Oct, Greece, GRC
9.33191, 1975, Nov, Greece, GRC
5.43698, 1975, Dec, Greece, GRC
4.57132, 1976, Jan, Greece, GRC
4.713, 1976, Feb, Greece, GRC
7.37382, 1976, Mar, Greece, GRC
11.6468, 1976, Apr, Greece, GRC
16.3179, 1976, May, Greece, GRC
19.8376, 1976, Jun, Greece, GRC
22.0757, 1976, Jul, Greece, GRC
20.1175, 1976, Aug, Greece, GRC
18.046, 1976, Sep, Greece, GRC
14.9521, 1976, Oct, Greece, GRC
10.4666, 1976, Nov, Greece, GRC
6.37249, 1976, Dec, Greece, GRC
5.14122, 1977, Jan, Greece, GRC
8.97387, 1977, Feb, Greece, GRC
9.33055, 1977, Mar, Greece, GRC
12.0065, 1977, Apr, Greece, GRC
17.4361, 1977, May, Greece, GRC
20.742, 1977, Jun, Greece, GRC
23.569, 1977, Jul, Greece, GRC
23.1377, 1977, Aug, Greece, GRC
18.8229, 1977, Sep, Greece, GRC
13.4251, 1977, Oct, Greece, GRC
11.774, 1977, Nov, Greece, GRC
4.69235, 1977, Dec, Greece, GRC
4.69443, 1978, Jan, Greece, GRC
7.12783, 1978, Feb, Greece, GRC
8.95683, 1978, Mar, Greece, GRC
11.406, 1978, Apr, Greece, GRC
15.9864, 1978, May, Greece, GRC
20.7084, 1978, Jun, Greece, GRC
22.9329, 1978, Jul, Greece, GRC
21.9025, 1978, Aug, Greece, GRC
17.6858, 1978, Sep, Greece, GRC
14.1171, 1978, Oct, Greece, GRC
7.97476, 1978, Nov, Greece, GRC
7.45213, 1978, Dec, Greece, GRC
4.85693, 1979, Jan, Greece, GRC
7.01777, 1979, Feb, Greece, GRC
9.96473, 1979, Mar, Greece, GRC
11.1281, 1979, Apr, Greece, GRC
16.5721, 1979, May, Greece, GRC
21.7726, 1979, Jun, Greece, GRC
22.5048, 1979, Jul, Greece, GRC
22.3046, 1979, Aug, Greece, GRC
19.6191, 1979, Sep, Greece, GRC
14.5941, 1979, Oct, Greece, GRC
10.3889, 1979, Nov, Greece, GRC
7.14353, 1979, Dec, Greece, GRC
3.63109, 1980, Jan, Greece, GRC
4.81417, 1980, Feb, Greece, GRC
7.81831, 1980, Mar, Greece, GRC
10.5862, 1980, Apr, Greece, GRC
14.9167, 1980, May, Greece, GRC
19.8418, 1980, Jun, Greece, GRC
22.7444, 1980, Jul, Greece, GRC
22.9188, 1980, Aug, Greece, GRC
19.221, 1980, Sep, Greece, GRC
15.6758, 1980, Oct, Greece, GRC
11.3895, 1980, Nov, Greece, GRC
6.08278, 1980, Dec, Greece, GRC
3.04856, 1981, Jan, Greece, GRC
5.1767, 1981, Feb, Greece, GRC
9.93007, 1981, Mar, Greece, GRC
12.3339, 1981, Apr, Greece, GRC
15.5891, 1981, May, Greece, GRC
21.8759, 1981, Jun, Greece, GRC
22.3304, 1981, Jul, Greece, GRC
22.5979, 1981, Aug, Greece, GRC
19.6814, 1981, Sep, Greece, GRC
16.6735, 1981, Oct, Greece, GRC
7.91059, 1981, Nov, Greece, GRC
7.83163, 1981, Dec, Greece, GRC
5.08258, 1982, Jan, Greece, GRC
4.08808, 1982, Feb, Greece, GRC
7.18543, 1982, Mar, Greece, GRC
11.0577, 1982, Apr, Greece, GRC
16.1474, 1982, May, Greece, GRC
21.2364, 1982, Jun, Greece, GRC
22.5553, 1982, Jul, Greece, GRC
22.9368, 1982, Aug, Greece, GRC
21.024, 1982, Sep, Greece, GRC
15.3409, 1982, Oct, Greece, GRC
9.14503, 1982, Nov, Greece, GRC
6.89348, 1982, Dec, Greece, GRC
4.51342, 1983, Jan, Greece, GRC
4.02879, 1983, Feb, Greece, GRC
8.1851, 1983, Mar, Greece, GRC
13.0539, 1983, Apr, Greece, GRC
17.705, 1983, May, Greece, GRC
19.1491, 1983, Jun, Greece, GRC
23.1257, 1983, Jul, Greece, GRC
21.9344, 1983, Aug, Greece, GRC
19.0987, 1983, Sep, Greece, GRC
13.6761, 1983, Oct, Greece, GRC
9.10144, 1983, Nov, Greece, GRC
6.05255, 1983, Dec, Greece, GRC
5.83912, 1984, Jan, Greece, GRC
6.01778, 1984, Feb, Greece, GRC
7.39554, 1984, Mar, Greece, GRC
10.4199, 1984, Apr, Greece, GRC
16.8468, 1984, May, Greece, GRC
19.8213, 1984, Jun, Greece, GRC
22.2941, 1984, Jul, Greece, GRC
21.3288, 1984, Aug, Greece, GRC
19.5043, 1984, Sep, Greece, GRC
16.3814, 1984, Oct, Greece, GRC
10.4808, 1984, Nov, Greece, GRC
5.72908, 1984, Dec, Greece, GRC
4.66332, 1985, Jan, Greece, GRC
3.32372, 1985, Feb, Greece, GRC
7.70102, 1985, Mar, Greece, GRC
12.8791, 1985, Apr, Greece, GRC
17.8812, 1985, May, Greece, GRC
20.6083, 1985, Jun, Greece, GRC
23.0436, 1985, Jul, Greece, GRC
23.5212, 1985, Aug, Greece, GRC
19.6912, 1985, Sep, Greece, GRC
13.2815, 1985, Oct, Greece, GRC
11.1589, 1985, Nov, Greece, GRC
7.17577, 1985, Dec, Greece, GRC
5.93092, 1986, Jan, Greece, GRC
5.9582, 1986, Feb, Greece, GRC
8.49789, 1986, Mar, Greece, GRC
13.4261, 1986, Apr, Greece, GRC
17.0266, 1986, May, Greece, GRC
20.8473, 1986, Jun, Greece, GRC
22.7195, 1986, Jul, Greece, GRC
24.1594, 1986, Aug, Greece, GRC
20.3205, 1986, Sep, Greece, GRC
14.5357, 1986, Oct, Greece, GRC
8.74006, 1986, Nov, Greece, GRC
4.32501, 1986, Dec, Greece, GRC
5.13293, 1987, Jan, Greece, GRC
6.57722, 1987, Feb, Greece, GRC
4.40588, 1987, Mar, Greece, GRC
11.0128, 1987, Apr, Greece, GRC
14.9473, 1987, May, Greece, GRC
20.7472, 1987, Jun, Greece, GRC
24.5628, 1987, Jul, Greece, GRC
22.8196, 1987, Aug, Greece, GRC
21.9231, 1987, Sep, Greece, GRC
14.3923, 1987, Oct, Greece, GRC
10.3817, 1987, Nov, Greece, GRC
6.35897, 1987, Dec, Greece, GRC
6.52534, 1988, Jan, Greece, GRC
5.86569, 1988, Feb, Greece, GRC
7.96728, 1988, Mar, Greece, GRC
11.6677, 1988, Apr, Greece, GRC
17.0191, 1988, May, Greece, GRC
20.9711, 1988, Jun, Greece, GRC
25.4916, 1988, Jul, Greece, GRC
24.5304, 1988, Aug, Greece, GRC
19.7813, 1988, Sep, Greece, GRC
14.1611, 1988, Oct, Greece, GRC
7.56124, 1988, Nov, Greece, GRC
5.12925, 1988, Dec, Greece, GRC
3.42601, 1989, Jan, Greece, GRC
6.3136, 1989, Feb, Greece, GRC
10.1089, 1989, Mar, Greece, GRC
13.7836, 1989, Apr, Greece, GRC
15.5722, 1989, May, Greece, GRC
19.3342, 1989, Jun, Greece, GRC
23.0303, 1989, Jul, Greece, GRC
23.1733, 1989, Aug, Greece, GRC
19.638, 1989, Sep, Greece, GRC
13.3598, 1989, Oct, Greece, GRC
9.19188, 1989, Nov, Greece, GRC
5.84566, 1989, Dec, Greece, GRC
3.24051, 1990, Jan, Greece, GRC
7.08267, 1990, Feb, Greece, GRC
10.1868, 1990, Mar, Greece, GRC
12.6461, 1990, Apr, Greece, GRC
16.7487, 1990, May, Greece, GRC
20.8773, 1990, Jun, Greece, GRC
24.2294, 1990, Jul, Greece, GRC
23.1854, 1990, Aug, Greece, GRC
19.1903, 1990, Sep, Greece, GRC
15.6756, 1990, Oct, Greece, GRC
11.8865, 1990, Nov, Greece, GRC
6.32474, 1990, Dec, Greece, GRC
3.91861, 1991, Jan, Greece, GRC
5.09455, 1991, Feb, Greece, GRC
9.25895, 1991, Mar, Greece, GRC
11.1008, 1991, Apr, Greece, GRC
14.1287, 1991, May, Greece, GRC
20.9697, 1991, Jun, Greece, GRC
22.7022, 1991, Jul, Greece, GRC
22.6577, 1991, Aug, Greece, GRC
19.5406, 1991, Sep, Greece, GRC
15.1167, 1991, Oct, Greece, GRC
10.2726, 1991, Nov, Greece, GRC
3.08697, 1991, Dec, Greece, GRC
3.7905, 1992, Jan, Greece, GRC
3.95993, 1992, Feb, Greece, GRC
7.50094, 1992, Mar, Greece, GRC
11.7246, 1992, Apr, Greece, GRC
15.7604, 1992, May, Greece, GRC
20.2093, 1992, Jun, Greece, GRC
22.2584, 1992, Jul, Greece, GRC
24.6659, 1992, Aug, Greece, GRC
19.2929, 1992, Sep, Greece, GRC
16.9822, 1992, Oct, Greece, GRC
10.465, 1992, Nov, Greece, GRC
4.60058, 1992, Dec, Greece, GRC
3.79214, 1993, Jan, Greece, GRC
3.36861, 1993, Feb, Greece, GRC
7.1785, 1993, Mar, Greece, GRC
11.9734, 1993, Apr, Greece, GRC
16.6209, 1993, May, Greece, GRC
21.3778, 1993, Jun, Greece, GRC
23.0411, 1993, Jul, Greece, GRC
23.862, 1993, Aug, Greece, GRC
19.59, 1993, Sep, Greece, GRC
16.3781, 1993, Oct, Greece, GRC
9.07118, 1993, Nov, Greece, GRC
7.43799, 1993, Dec, Greece, GRC
6.43991, 1994, Jan, Greece, GRC
6.03419, 1994, Feb, Greece, GRC
9.19675, 1994, Mar, Greece, GRC
12.9778, 1994, Apr, Greece, GRC
17.6104, 1994, May, Greece, GRC
20.8526, 1994, Jun, Greece, GRC
24.1082, 1994, Jul, Greece, GRC
24.9181, 1994, Aug, Greece, GRC
22.4503, 1994, Sep, Greece, GRC
16.3618, 1994, Oct, Greece, GRC
9.14728, 1994, Nov, Greece, GRC
5.34229, 1994, Dec, Greece, GRC
4.99704, 1995, Jan, Greece, GRC
7.71415, 1995, Feb, Greece, GRC
8.11374, 1995, Mar, Greece, GRC
11.2921, 1995, Apr, Greece, GRC
16.4029, 1995, May, Greece, GRC
21.8511, 1995, Jun, Greece, GRC
24.0823, 1995, Jul, Greece, GRC
22.7385, 1995, Aug, Greece, GRC
19.435, 1995, Sep, Greece, GRC
13.852, 1995, Oct, Greece, GRC
7.76382, 1995, Nov, Greece, GRC
7.18005, 1995, Dec, Greece, GRC
4.43407, 1996, Jan, Greece, GRC
5.0996, 1996, Feb, Greece, GRC
5.77649, 1996, Mar, Greece, GRC
10.8882, 1996, Apr, Greece, GRC
17.8538, 1996, May, Greece, GRC
21.7169, 1996, Jun, Greece, GRC
23.3023, 1996, Jul, Greece, GRC
23.3869, 1996, Aug, Greece, GRC
18.2718, 1996, Sep, Greece, GRC
13.4244, 1996, Oct, Greece, GRC
10.7041, 1996, Nov, Greece, GRC
7.06579, 1996, Dec, Greece, GRC
5.80158, 1997, Jan, Greece, GRC
5.8835, 1997, Feb, Greece, GRC
7.5572, 1997, Mar, Greece, GRC
8.80947, 1997, Apr, Greece, GRC
17.5623, 1997, May, Greece, GRC
21.6589, 1997, Jun, Greece, GRC
23.5354, 1997, Jul, Greece, GRC
21.8872, 1997, Aug, Greece, GRC
18.7223, 1997, Sep, Greece, GRC
13.6879, 1997, Oct, Greece, GRC
10.5592, 1997, Nov, Greece, GRC
6.23047, 1997, Dec, Greece, GRC
5.43591, 1998, Jan, Greece, GRC
7.20468, 1998, Feb, Greece, GRC
6.32811, 1998, Mar, Greece, GRC
13.1206, 1998, Apr, Greece, GRC
16.4856, 1998, May, Greece, GRC
22.1742, 1998, Jun, Greece, GRC
24.805, 1998, Jul, Greece, GRC
25.2112, 1998, Aug, Greece, GRC
19.654, 1998, Sep, Greece, GRC
15.8547, 1998, Oct, Greece, GRC
10.1646, 1998, Nov, Greece, GRC
4.68543, 1998, Dec, Greece, GRC
5.35984, 1999, Jan, Greece, GRC
5.36324, 1999, Feb, Greece, GRC
8.77052, 1999, Mar, Greece, GRC
12.9119, 1999, Apr, Greece, GRC
18.063, 1999, May, Greece, GRC
22.5453, 1999, Jun, Greece, GRC
24.365, 1999, Jul, Greece, GRC
24.6689, 1999, Aug, Greece, GRC
20.4813, 1999, Sep, Greece, GRC
16.5003, 1999, Oct, Greece, GRC
10.746, 1999, Nov, Greece, GRC
8.04936, 1999, Dec, Greece, GRC
2.64681, 2000, Jan, Greece, GRC
5.94456, 2000, Feb, Greece, GRC
8.06724, 2000, Mar, Greece, GRC
13.8384, 2000, Apr, Greece, GRC
18.1759, 2000, May, Greece, GRC
22.2705, 2000, Jun, Greece, GRC
24.6747, 2000, Jul, Greece, GRC
24.4526, 2000, Aug, Greece, GRC
19.9886, 2000, Sep, Greece, GRC
14.9268, 2000, Oct, Greece, GRC
12.3654, 2000, Nov, Greece, GRC
7.28838, 2000, Dec, Greece, GRC
6.537, 2001, Jan, Greece, GRC
6.65849, 2001, Feb, Greece, GRC
12.1494, 2001, Mar, Greece, GRC
12.3315, 2001, Apr, Greece, GRC
17.5608, 2001, May, Greece, GRC
21.2601, 2001, Jun, Greece, GRC
25.0693, 2001, Jul, Greece, GRC
25.1163, 2001, Aug, Greece, GRC
20.5235, 2001, Sep, Greece, GRC
16.2588, 2001, Oct, Greece, GRC
9.86624, 2001, Nov, Greece, GRC
3.24205, 2001, Dec, Greece, GRC
3.61044, 2002, Jan, Greece, GRC
8.36042, 2002, Feb, Greece, GRC
9.82321, 2002, Mar, Greece, GRC
11.9559, 2002, Apr, Greece, GRC
17.6112, 2002, May, Greece, GRC
22.4174, 2002, Jun, Greece, GRC
24.8773, 2002, Jul, Greece, GRC
23.4532, 2002, Aug, Greece, GRC
19.1578, 2002, Sep, Greece, GRC
15.0667, 2002, Oct, Greece, GRC
11.3577, 2002, Nov, Greece, GRC
5.67808, 2002, Dec, Greece, GRC
6.92505, 2003, Jan, Greece, GRC
2.29013, 2003, Feb, Greece, GRC
6.6403, 2003, Mar, Greece, GRC
10.7313, 2003, Apr, Greece, GRC
18.8125, 2003, May, Greece, GRC
23.021, 2003, Jun, Greece, GRC
24.7197, 2003, Jul, Greece, GRC
25.3691, 2003, Aug, Greece, GRC
19.5666, 2003, Sep, Greece, GRC
15.8815, 2003, Oct, Greece, GRC
10.9191, 2003, Nov, Greece, GRC
5.79291, 2003, Dec, Greece, GRC
3.89749, 2004, Jan, Greece, GRC
5.90388, 2004, Feb, Greece, GRC
8.93258, 2004, Mar, Greece, GRC
12.5844, 2004, Apr, Greece, GRC
16.0094, 2004, May, Greece, GRC
21.2084, 2004, Jun, Greece, GRC
24.1501, 2004, Jul, Greece, GRC
23.3983, 2004, Aug, Greece, GRC
19.956, 2004, Sep, Greece, GRC
16.6708, 2004, Oct, Greece, GRC
10.5258, 2004, Nov, Greece, GRC
7.22983, 2004, Dec, Greece, GRC
5.02492, 2005, Jan, Greece, GRC
4.34906, 2005, Feb, Greece, GRC
8.33698, 2005, Mar, Greece, GRC
12.0584, 2005, Apr, Greece, GRC
17.3928, 2005, May, Greece, GRC
20.9136, 2005, Jun, Greece, GRC
24.226, 2005, Jul, Greece, GRC
23.8485, 2005, Aug, Greece, GRC
20.1668, 2005, Sep, Greece, GRC
14.1927, 2005, Oct, Greece, GRC
9.36498, 2005, Nov, Greece, GRC
6.41238, 2005, Dec, Greece, GRC
2.80728, 2006, Jan, Greece, GRC
5.41945, 2006, Feb, Greece, GRC
8.62101, 2006, Mar, Greece, GRC
13.1103, 2006, Apr, Greece, GRC
17.4467, 2006, May, Greece, GRC
21.3413, 2006, Jun, Greece, GRC
23.9893, 2006, Jul, Greece, GRC
24.6222, 2006, Aug, Greece, GRC
19.925, 2006, Sep, Greece, GRC
15.3092, 2006, Oct, Greece, GRC
8.72016, 2006, Nov, Greece, GRC
5.70604, 2006, Dec, Greece, GRC
6.34733, 2007, Jan, Greece, GRC
6.69923, 2007, Feb, Greece, GRC
9.52119, 2007, Mar, Greece, GRC
12.8486, 2007, Apr, Greece, GRC
17.9203, 2007, May, Greece, GRC
22.978, 2007, Jun, Greece, GRC
25.7964, 2007, Jul, Greece, GRC
24.8685, 2007, Aug, Greece, GRC
19.5344, 2007, Sep, Greece, GRC
15.2786, 2007, Oct, Greece, GRC
9.64298, 2007, Nov, Greece, GRC
4.61202, 2007, Dec, Greece, GRC
4.37924, 2008, Jan, Greece, GRC
5.60921, 2008, Feb, Greece, GRC
10.5083, 2008, Mar, Greece, GRC
13.1876, 2008, Apr, Greece, GRC
17.3166, 2008, May, Greece, GRC
22.6791, 2008, Jun, Greece, GRC
24.5925, 2008, Jul, Greece, GRC
25.2136, 2008, Aug, Greece, GRC
19.6135, 2008, Sep, Greece, GRC
15.2317, 2008, Oct, Greece, GRC
11.3356, 2008, Nov, Greece, GRC
6.85795, 2008, Dec, Greece, GRC
6.15762, 2009, Jan, Greece, GRC
5.52956, 2009, Feb, Greece, GRC
8.22341, 2009, Mar, Greece, GRC
12.655, 2009, Apr, Greece, GRC
18.0736, 2009, May, Greece, GRC
21.8152, 2009, Jun, Greece, GRC
24.6913, 2009, Jul, Greece, GRC
24.2471, 2009, Aug, Greece, GRC
19.7327, 2009, Sep, Greece, GRC
15.3441, 2009, Oct, Greece, GRC
10.5148, 2009, Nov, Greece, GRC
8.25615, 2009, Dec, Greece, GRC
5.4958, 2010, Jan, Greece, GRC
7.47473, 2010, Feb, Greece, GRC
9.27973, 2010, Mar, Greece, GRC
13.4312, 2010, Apr, Greece, GRC
17.6834, 2010, May, Greece, GRC
21.3807, 2010, Jun, Greece, GRC
24.6069, 2010, Jul, Greece, GRC
25.8605, 2010, Aug, Greece, GRC
20.4344, 2010, Sep, Greece, GRC
14.4371, 2010, Oct, Greece, GRC
13.5378, 2010, Nov, Greece, GRC
7.75746, 2010, Dec, Greece, GRC
5.05354, 2011, Jan, Greece, GRC
5.98581, 2011, Feb, Greece, GRC
8.31739, 2011, Mar, Greece, GRC
11.7761, 2011, Apr, Greece, GRC
16.5518, 2011, May, Greece, GRC
21.3966, 2011, Jun, Greece, GRC
24.8033, 2011, Jul, Greece, GRC
24.3921, 2011, Aug, Greece, GRC
22.1927, 2011, Sep, Greece, GRC
13.2967, 2011, Oct, Greece, GRC
7.81676, 2011, Nov, Greece, GRC
6.43293, 2011, Dec, Greece, GRC
2.85525, 2012, Jan, Greece, GRC
4.01973, 2012, Feb, Greece, GRC
8.94259, 2012, Mar, Greece, GRC
13.5577, 2012, Apr, Greece, GRC
17.5411, 2012, May, Greece, GRC
23.1112, 2012, Jun, Greece, GRC
25.9151, 2012, Jul, Greece, GRC
25.6196, 2012, Aug, Greece, GRC
21.3151, 2012, Sep, Greece, GRC
17.637, 2012, Oct, Greece, GRC
12.2798, 2012, Nov, Greece, GRC
5.74299, 2012, Dec, Greece, GRC
5.72611, 2013, Jan, Greece, GRC
7.1486, 2013, Feb, Greece, GRC
9.77241, 2013, Mar, Greece, GRC
13.9478, 2013, Apr, Greece, GRC
18.9628, 2013, May, Greece, GRC
21.5825, 2013, Jun, Greece, GRC
24.342, 2013, Jul, Greece, GRC
25.3917, 2013, Aug, Greece, GRC
20.6809, 2013, Sep, Greece, GRC
14.8989, 2013, Oct, Greece, GRC
11.6158, 2013, Nov, Greece, GRC
5.36586, 2013, Dec, Greece, GRC
7.18543, 2014, Jan, Greece, GRC
8.1539, 2014, Feb, Greece, GRC
9.89652, 2014, Mar, Greece, GRC
12.8186, 2014, Apr, Greece, GRC
16.7661, 2014, May, Greece, GRC
21.2348, 2014, Jun, Greece, GRC
23.6674, 2014, Jul, Greece, GRC
24.5461, 2014, Aug, Greece, GRC
20.0978, 2014, Sep, Greece, GRC
14.9359, 2014, Oct, Greece, GRC
10.944, 2014, Nov, Greece, GRC
7.4725, 2014, Dec, Greece, GRC
5.22897, 2015, Jan, Greece, GRC
5.81233, 2015, Feb, Greece, GRC
8.57033, 2015, Mar, Greece, GRC
12.1135, 2015, Apr, Greece, GRC
18.0439, 2015, May, Greece, GRC
20.8654, 2015, Jun, Greece, GRC
25.0275, 2015, Jul, Greece, GRC
24.2613, 2015, Aug, Greece, GRC
21.6161, 2015, Sep, Greece, GRC
15.5833, 2015, Oct, Greece, GRC
11.6731, 2015, Nov, Greece, GRC
5.80603, 2015, Dec, Greece, GRC
5.54565, 2016, Jan, Greece, GRC
9.91884, 2016, Feb, Greece, GRC
9.85232, 2016, Mar, Greece, GRC
15.0309, 2016, Apr, Greece, GRC
16.8974, 2016, May, Greece, GRC
22.6872, 2016, Jun, Greece, GRC
25.0758, 2016, Jul, Greece, GRC
24.732, 2016, Aug, Greece, GRC
20.3804, 2016, Sep, Greece, GRC
15.5171, 2016, Oct, Greece, GRC
10.6815, 2016, Nov, Greece, GRC
3.75937, 2016, Dec, Greece, GRC
